{
  "webmercator": {
    "projection": {
      "name": "EPSG:3857",
      "param": "+proj=merc +a=6378137 +b=6378137 +lat_ts=0.0 +lon_0=0.0 +x_0=0.0 +y_0=0 +k=1.0 +units=m +nadgrids=@null +no_defs"
    },
    "tileMatrices": {
      "0": { "origin": [ -20037508.3427892, 20037508.3427892 ], "size": [ 40075016.685578495, 40075016.685578495 ] },
      "1": { "origin": [ -20037508.3427892, 20037508.3427892 ], "size": [  20037508.34278922,  20037508.34278922 ] },
      "2": { "origin": [ -20037508.3427892, 20037508.3427892 ], "size": [  10018754.17139461,  10018754.17139461 ] },
      "3": { "origin": [ -20037508.3427892, 20037508.3427892 ], "size": [  5009377.085697305,  5009377.085697305 ] },
      "4": { "origin": [ -20037508.3427892, 20037508.3427892 ], "size": [ 2504688.5428486555, 2504688.5428486555 ] },
      "5": { "origin": [ -20037508.3427892, 20037508.3427892 ], "size": [ 1252344.2714243277, 1252344.2714243277 ] },
      "6": { "origin": [ -20037508.3427892, 20037508.3427892 ], "size": [  626172.1357121639,  626172.1357121639 ] },
      "7": { "origin": [ -20037508.3427892, 20037508.3427892 ], "size": [ 313086.06785608194, 313086.06785608194 ] },
      "8": { "origin": [ -20037508.3427892, 20037508.3427892 ], "size": [ 156543.03392804097, 156543.03392804097 ] },
      "9": { "origin": [ -20037508.3427892, 20037508.3427892 ], "size": [  78271.51696402022,  78271.51696402022 ] },
      "10": { "origin": [ -20037508.3427892, 20037508.3427892 ], "size": [  39135.75848201011,  39135.75848201011 ] },
      "11": { "origin": [ -20037508.3427892, 20037508.3427892 ], "size": [ 19567.879241005106, 19567.879241005106 ] },
      "12": { "origin": [ -20037508.3427892, 20037508.3427892 ], "size": [  9783.939620502553,  9783.939620502553 ] },
      "13": { "origin": [ -20037508.3427892, 20037508.3427892 ], "size": [  4891.969810251264,  4891.969810251264 ] },
      "14": { "origin": [ -20037508.3427892, 20037508.3427892 ], "size": [ 2445.9849051256397, 2445.9849051256397 ] },
      "15": { "origin": [ -20037508.3427892, 20037508.3427892 ], "size": [ 1222.9924525628185, 1222.9924525628185 ] },
      "16": { "origin": [ -20037508.3427892, 20037508.3427892 ], "size": [   611.496226281408,   611.496226281408 ] },
      "17": { "origin": [ -20037508.3427892, 20037508.3427892 ], "size": [ 305.74811314070274, 305.74811314070274 ] },
      "18": { "origin": [ -20037508.3427892, 20037508.3427892 ], "size": [  152.8740565703524,  152.8740565703524 ] },
      "19": { "origin": [ -20037508.3427892, 20037508.3427892 ], "size": [  76.43702828517632,  76.43702828517632 ] },
      "20": { "origin": [ -20037508.3427892, 20037508.3427892 ], "size": [  38.21851414258816,  38.21851414258816 ] },
      "21": { "origin": [ -20037508.3427892, 20037508.3427892 ], "size": [ 19.109257071294053, 19.109257071294053 ] },
      "22": { "origin": [ -20037508.3427892, 20037508.3427892 ], "size": [  9.554628535647026,  9.554628535647026 ] },
      "23": { "origin": [ -20037508.3427892, 20037508.3427892 ], "size": [  4.777314267823513,  4.777314267823513 ] },
      "24": { "origin": [ -20037508.3427892, 20037508.3427892 ], "size": [ 2.3886571339117566, 2.3886571339117566 ] }
    }
  },
  "worldmercator": {
    "projection": {
      "name": "EPSG:3395",
      "param": "+proj=merc +lon_0=0 +k=1 +x_0=0 +y_0=0 +datum=WGS84 +units=m +no_defs"
    },
    "tileMatrices": {
      "0": { "origin": [ -20037508.3427892, 20037508.3427892 ], "size": [ 40075016.685578495, 40075016.685578495 ] },
      "1": { "origin": [ -20037508.3427892, 20037508.3427892 ], "size": [  20037508.34278922,  20037508.34278922 ] },
      "2": { "origin": [ -20037508.3427892, 20037508.3427892 ], "size": [  10018754.17139461,  10018754.17139461 ] },
      "3": { "origin": [ -20037508.3427892, 20037508.3427892 ], "size": [  5009377.085697305,  5009377.085697305 ] },
      "4": { "origin": [ -20037508.3427892, 20037508.3427892 ], "size": [ 2504688.5428486555, 2504688.5428486555 ] },
      "5": { "origin": [ -20037508.3427892, 20037508.3427892 ], "size": [ 1252344.2714243277, 1252344.2714243277 ] },
      "6": { "origin": [ -20037508.3427892, 20037508.3427892 ], "size": [  626172.1357121639,  626172.1357121639 ] },
      "7": { "origin": [ -20037508.3427892, 20037508.3427892 ], "size": [ 313086.06785608194, 313086.06785608194 ] },
      "8": { "origin": [ -20037508.3427892, 20037508.3427892 ], "size": [ 156543.03392804097, 156543.03392804097 ] },
      "9": { "origin": [ -20037508.3427892, 20037508.3427892 ], "size": [  78271.51696402022,  78271.51696402022 ] },
      "10": { "origin": [ -20037508.3427892, 20037508.3427892 ], "size": [  39135.75848201011,  39135.75848201011 ] },
      "11": { "origin": [ -20037508.3427892, 20037508.3427892 ], "size": [ 19567.879241005106, 19567.879241005106 ] },
      "12": { "origin": [ -20037508.3427892, 20037508.3427892 ], "size": [  9783.939620502553,  9783.939620502553 ] },
      "13": { "origin": [ -20037508.3427892, 20037508.3427892 ], "size": [  4891.969810251264,  4891.969810251264 ] },
      "14": { "origin": [ -20037508.3427892, 20037508.3427892 ], "size": [ 2445.9849051256397, 2445.9849051256397 ] },
      "15": { "origin": [ -20037508.3427892, 20037508.3427892 ], "size": [ 1222.9924525628185, 1222.9924525628185 ] },
      "16": { "origin": [ -20037508.3427892, 20037508.3427892 ], "size": [   611.496226281408,   611.496226281408 ] },
      "17": { "origin": [ -20037508.3427892, 20037508.3427892 ], "size": [ 305.74811314070274, 305.74811314070274 ] },
      "18": { "origin": [ -20037508.3427892, 20037508.3427892 ], "size": [  152.8740565703524,  152.8740565703524 ] },
      "19": { "origin": [ -20037508.3427892, 20037508.3427892 ], "size": [  76.43702828517632,  76.43702828517632 ] },
      "20": { "origin": [ -20037508.3427892, 20037508.3427892 ], "size": [  38.21851414258816,  38.21851414258816 ] },
      "21": { "origin": [ -20037508.3427892, 20037508.3427892 ], "size": [ 19.109257071294053, 19.109257071294053 ] },
      "22": { "origin": [ -20037508.3427892, 20037508.3427892 ], "size": [  9.554628535647026,  9.554628535647026 ] },
      "23": { "origin": [ -20037508.3427892, 20037508.3427892 ], "size": [  4.777314267823513,  4.777314267823513 ] },
      "24": { "origin": [ -20037508.3427892, 20037508.3427892 ], "size": [ 2.3886571339117566, 2.3886571339117566 ] }
    }
  }
}